generic,tall_man,class,setting,aliases,routes,frequencies,dose_options,asr_sound_alikes,asr_out_of_formulary_mishears,clinically_validated
morphine,morphine,opioid,H,morphine sulfate|MSIR,PO|SL,q2h PRN|q4h PRN|q4h,0.25 mL|0.5 mL|0.75 mL|1 mL|5 mg|10 mg|15 mg,more fine|moor fin|morphing,carfentanil,NO
lorazepam,LORazepam,benzodiazepine,H,Ativan,PO|SL,q4h PRN|q6h PRN|TID,0.5 mg|1 mg|2 mg|1 tablet|0.5 tablet,lore as a pam|phalarisipham|lorazapam|lora zapam,,NO
haloperidol,haloperidol,antipsychotic,H,Haldol,PO|SL,q4h PRN|q6h PRN|BID,0.5 mg|1 mg|2 mg|5 mg,hell doll|hal oh peridol,,NO
hydromorphone,HYDROmorphone,opioid,H,Dilaudid,PO,q4h PRN|q6h PRN,1 mg|2 mg|4 mg,hydro more phone|hydrocodone,,NO
oxycodone,oxycodone,opioid,H,Roxicodone,PO,q4h PRN|q6h PRN,2.5 mg|5 mg|10 mg,oxy codone|oxycontin,,NO
fentanyl,fentanyl,opioid,H,fentanyl patch,transdermal,q72h,12 mcg/hr|25 mcg/hr|50 mcg/hr,fentanil|fenta nyl,,NO
methadone,methadone,opioid,H,,PO,BID|TID,2.5 mg|5 mg|10 mg,methodone,,NO
hyoscyamine,hyoscyamine,anticholinergic,H,Levsin,SL,q4h PRN,0.125 mg,hi oh sigh a mean,,NO
atropine drops,atropine drops,anticholinergic,H,atropine,SL,q4h PRN,2 drops|4 drops,a tropine,,NO
glycopyrrolate,glycopyrrolate,anticholinergic,H,Robinul,PO,TID,0.2 mg|1 mg,glyco pyro late,,NO
scopolamine,scopolamine,anticholinergic,H,scopolamine patch,transdermal,q72h,1 patch,scope olamine,,NO
ondansetron,ondansetron,antiemetic,H,Zofran,PO|SL,q8h PRN,4 mg|8 mg,on dance a tron,,NO
prochlorperazine,prochlorperazine,antiemetic,H,Compazine,PO,q6h PRN,5 mg|10 mg,pro chlor per a zine,,NO
metoclopramide,metoclopramide,antiemetic,H,Reglan,PO,QID,5 mg|10 mg,metoclopromide,,NO
dexamethasone,dexamethasone,steroid,H,Decadron,PO,daily|BID,2 mg|4 mg|8 mg,dexa methazone,,NO
senna,senna,laxative,H,Senokot,PO,BID|daily at bedtime,8.6 mg|17.2 mg,sen a,,NO
bisacodyl,bisacodyl,laxative,H,Dulcolax,PR|PO,daily PRN,10 mg,bis a codyl,,NO
polyethylene glycol,polyethylene glycol,laxative,H,MiraLAX|Miralax,PO,daily,17 g,poly ethylene glycol,,NO
docusate,docusate,laxative,H,Colace,PO,BID,100 mg,doc you sate,,NO
lactulose,lactulose,laxative,H,,PO,BID,15 mL|30 mL,lack tyoo lows,,NO
acetaminophen,acetaminophen,analgesic,H,Tylenol,PO|PR,q6h PRN|q4h PRN,325 mg|500 mg|650 mg|1000 mg,a seat a minnow fin,,NO
levetiracetam,levetiracetam,anticonvulsant,H,Keppra,PO,BID,250 mg|500 mg|750 mg,leva tire a setam,,NO
olanzapine,olanzapine,antipsychotic,H,Zyprexa,PO|SL,daily at bedtime|BID PRN,2.5 mg|5 mg,olan zapine,,NO
lidocaine patch,lidocaine patch,analgesic,H,Lidoderm,transdermal,"12 hours on, 12 hours off",1 patch|2 patch,lido cane patch,,NO
gabapentin,gabapentin,anticonvulsant,H,Neurontin,PO,TID,100 mg|300 mg|600 mg,gabba pentin,,NO
baclofen,baclofen,muscle relaxant,H,,PO,TID,5 mg|10 mg,back low fen,,NO
clonazepam,clonazePAM,benzodiazepine,H,Klonopin,PO,BID,0.25 mg|0.5 mg|1 mg,clonazapam,,NO
alprazolam,ALPRAZolam,benzodiazepine,H,Xanax,PO,TID PRN,0.25 mg|0.5 mg,alpra zolam,,NO
trazodone,trazodone,antidepressant,H,Desyrel,PO,at bedtime,50 mg|100 mg,trazo done,,NO
mirtazapine,mirtazapine,antidepressant,H,Remeron,PO,at bedtime,7.5 mg|15 mg,mirta zapine,,NO
melatonin,melatonin,supplement,H,,PO,at bedtime,3 mg|5 mg,mela tonin,,NO
amitriptyline,amitriptyline,antidepressant,C,Elavil,PO,at bedtime,10 mg|25 mg|50 mg,ampatripoline|amy trip a line|nortriptyline,,NO
tamsulosin,tamsulosin,alpha blocker,C,Flomax,PO,daily after a meal,0.4 mg|0.8 mg,tamifluoln|tamazolid|tam sue low sin,,NO
finasteride,finasteride,5-ARI,C,Proscar,PO,daily,5 mg,fin asteride,,NO
sertraline,sertraline,antidepressant,C,Zoloft,PO,daily,25 mg|50 mg|100 mg,sir tra line,,NO
bupropion,buPROPion,antidepressant,C,Wellbutrin,PO,daily,150 mg|300 mg,bus pirone,,NO
buspirone,busPIRone,anxiolytic,C,BuSpar,PO,BID|TID,5 mg|10 mg,bupropion,,NO
metformin,metformin,antidiabetic,C,Glucophage,PO,BID with meals,500 mg|850 mg|1000 mg,metroforum|met for men,,NO
lisinopril,lisinopril,ACE inhibitor,C,Zestril,PO,daily,5 mg|10 mg|20 mg|40 mg,lisin a pril,,NO
atorvastatin,atorvastatin,statin,C,Lipitor,PO,daily,10 mg|20 mg|40 mg,libator|a tor va statin,,NO
famotidine,famotidine,H2 blocker,C,Pepcid,PO,daily|BID,20 mg|40 mg,fam oh tie dean,,NO
amlodipine,amlodipine,calcium channel blocker,C,Norvasc,PO,daily,2.5 mg|5 mg|10 mg,am lo di peen,,NO
metoprolol,metoprolol,beta blocker,C,Lopressor,PO,BID,25 mg|50 mg,meta prolol,,NO
furosemide,furosemide,diuretic,C,Lasix,PO,daily,20 mg|40 mg,fur ose a mide,,NO
levothyroxine,levothyroxine,thyroid,C,Synthroid,PO,daily in the morning,25 mcg|50 mcg|75 mcg|100 mcg,levo thigh rock sin,,NO
warfarin,warfarin,anticoagulant,C,Coumadin,PO,daily in the evening,2 mg|5 mg,war farin,,NO
apixaban,apixaban,anticoagulant,C,Eliquis,PO,BID,2.5 mg|5 mg,a pix a ban,,NO
aspirin,aspirin,antiplatelet,C,,PO,daily,81 mg,as prin,,NO
prednisone,prednisone,steroid,C,,PO,daily,5 mg|10 mg|20 mg,pred ni zone,,NO
albuterol,albuterol,bronchodilator,C,ProAir|Ventolin,inhaled,q4h PRN|TID,2 puffs,al byoo ter all,,NO
tiotropium,tiotropium,bronchodilator,C,Spiriva,inhaled,daily,1 capsule,tie oh tropium,,NO
vitamin D,vitamin D,supplement,C,,PO,daily,1000 IU|2000 IU,,,NO
ibuprofen,ibuprofen,NSAID,P,Motrin|Advil,PO,q6h PRN,100 mg|200 mg|400 mg|5 mL|7.5 mL,i bu pro fin,,NO
amoxicillin,amoxicillin,antibiotic,P,,PO,TID,250 mg|500 mg,amox a cillin,,NO
cetirizine,cetirizine,antihistamine,P,Zyrtec,PO,daily,5 mg|10 mg,ceti rizine,,NO
loratadine,loratadine,antihistamine,P,Claritin,PO,daily,10 mg,lora tadine,,NO
